,text_divergence,release_date_match,duration_match,img_similarity,label
0,3.9599081839170025,True,False,0.9995425744908982,False
1,1.7285641147282953,True,True,0.9995425744908982,True
2,17.01507099811733,False,False,0.7614744615925824,False
3,12.601638218265787,False,False,0.970214647481792,False
4,12.037194524530967,False,False,-0.22350109028761567,False
5,14.250977044239434,False,False,0.9988377968043295,False
6,13.077265343480201,False,False,0.999966347944901,False
7,13.689677311483273,False,False,0.6163102999868986,False
8,14.063608288096733,False,False,0.9996228091622431,False
9,11.199418820190704,False,False,-0.1827925542546309,False
10,14.976999438504834,False,False,-0.9837588829620838,False
11,5.620723855484655,False,False,-0.149496829918572,False
12,2.0461660530766617,True,True,0.9999989052009061,True
13,7.829609877124209,False,False,0.09369138060136507,False
14,13.846667013415676,False,False,0.12089430359431785,False
15,5.790313084228989,False,False,-0.014520170395801816,False
16,8.437944470116886,False,False,0.6550073884577745,False
17,8.165431611738725,False,False,0.9776913113484826,False
18,7.411908671965277,False,False,0.9671318046112105,False
19,6.890043982537702,False,False,-0.014750824836089874,False
20,8.70472942244331,False,False,0.4484548012019782,False
21,8.002852822867718,False,False,0.9760476506687096,False
22,8.06070016483623,False,False,0.9707879506354737,False
23,1.3984361015524571,True,True,0.9996704153803802,True
24,12.321383646143559,False,False,0.9301332902069939,False
25,14.74687636288122,False,False,-0.05837240138745384,False
26,16.792210291561947,False,False,0.22883715991863796,False
27,17.970055473949596,False,False,0.22883715991863796,False
28,15.994211687752792,False,False,0.3439826115869617,False
29,16.219940137748797,False,False,0.22752379377359344,False
30,15.081108249529688,False,False,0.9019666484281089,False
31,16.209239942447393,False,False,0.9046830716480587,False
32,15.817280173753064,False,False,0.5053799561898755,False
33,13.928631509774515,False,False,0.3820769200397099,False
34,2.6499222867469756,True,True,0.9991314882819626,True
35,16.276033855585847,False,False,-0.2703573795304943,False
36,15.00169382248298,False,False,-0.268816645953387,False
37,16.06744863761553,False,False,-0.21664770082553866,False
38,14.564358147195275,False,False,-0.25788091341341896,False
39,12.625585793111746,False,False,-0.2602604678467625,False
40,16.45941353635036,False,False,0.3738595741933543,False
41,17.100668090626677,False,False,-0.11588856500938546,False
42,15.257044045687122,False,False,0.07170516221605268,False
43,18.405204031370435,False,False,0.6247845439014572,False
44,16.083313273418007,False,False,-0.1712308021506969,False
45,4.192521618157981,True,True,0.9999752045415549,True
46,13.36658881782713,False,False,0.8915422600433451,False
47,15.296498502922988,False,False,0.6637782033460835,False
48,15.368028891177527,False,False,0.6719471118972807,False
49,13.428508287690772,False,False,0.6508910746017491,False
50,8.203109374811433,False,False,0.5714438235548718,False
51,7.504269325416744,False,False,0.683684986381486,False
52,16.849925341995963,False,False,0.5614553138501905,False
53,6.796876211166801,False,False,0.9399294332694087,False
54,4.313026896975565,False,False,0.8360788773111151,False
55,13.335013960581612,False,True,0.7842865097358349,False
56,2.0969649920868623,True,True,0.9967268036498411,True
57,10.824352079547825,False,False,0.6852416346150543,False
58,9.788493558455002,False,False,0.9998615315337784,False
59,11.174739669464225,False,False,0.9988593117607767,False
60,10.148613963443122,False,False,0.9983647748117602,False
61,9.987916048028708,False,False,0.7125766462168773,False
62,7.669781800787691,False,False,-0.14751236491665795,False
63,9.668044010440575,False,False,0.7994363464214741,False
64,8.079652598842607,False,False,0.9992219140385231,False
65,13.391903178108336,False,False,0.9983067672321744,False
66,0.7780633924608389,True,True,0.9999974054167646,True
67,18.52427474659829,False,False,0.7814351242989248,False
68,16.985533898630557,False,False,0.252050103808948,False
69,16.05066746796741,False,False,0.3187956800099055,False
70,14.689726978638216,False,False,0.7170800696212779,False
71,14.609712595712821,False,False,0.4370776184951232,False
72,16.755583206768282,False,False,0.3709629702110289,False
73,12.423130574587208,False,False,-0.21195621787613744,False
74,17.00726496539207,False,False,0.3617308032659759,False
75,14.302768813009536,False,False,0.3892351760998057,False
76,15.922553943508023,False,True,0.4681606254984189,False
77,2.1672138966121905,True,True,0.9811658815601594,True
78,16.963554278021203,False,False,0.9986005420247956,False
79,16.53700276677406,False,False,0.9998788189982057,False
80,10.88227937455278,False,False,0.9994575357856669,False
81,13.73778328109224,False,False,0.017124338105374854,False
82,11.91401088522349,False,False,-0.179971062823847,False
83,11.222416041939304,False,False,0.9994575357856669,False
84,14.43977517761483,False,False,-0.011771832239676198,False
85,13.552222805810278,False,False,0.568130283106246,False
86,13.07595996380628,False,False,0.9995120504515124,False
87,9.759351498292915,False,False,0.9996493819572126,False
88,1.327491770302242,True,True,0.9999996312938663,True
89,14.133719244414877,False,False,-0.8156274136726651,False
90,17.45825794827358,False,False,-0.9581783177908105,False
91,17.01581927931762,False,False,0.41205130331838197,False
92,19.23399221462075,False,False,-0.9725190789489813,False
93,10.682807442380813,False,False,-0.970038947603293,False
94,12.979577070446323,False,False,0.9980641238292779,False
95,13.738859401288085,False,False,0.28994585266798495,False
96,11.00749295080487,False,False,0.2957066639339611,False
97,12.551819272214384,False,False,0.9831197247848806,False
98,12.859631968354446,False,False,0.21804755682520685,False
99,3.790961406848538,True,True,0.9998932929315724,True
100,9.624771862439824,False,False,0.29870419304458445,False
101,13.545987263984705,False,False,0.8657020593107786,False
102,12.719042349286104,False,False,0.31361469032906003,False
103,16.954833589027405,False,False,0.8922371774324832,False
104,14.371234269064379,False,False,0.6625894463706397,False
105,12.619394595149984,False,True,0.8534753602861053,False
106,13.360999993455945,False,False,0.7708693071403981,False
107,14.729972270400818,False,False,0.44472964960460615,False
108,13.95675107601219,False,False,0.23591981880701499,False
109,8.235601543820506,False,False,0.9490403708375689,False
110,1.515067435318832,True,True,0.9962694831048835,True
111,16.294075311260173,False,False,-0.19244344718337678,False
112,13.844786407761593,False,False,0.2079275010553103,False
113,16.608854282839808,False,False,-0.22698374438456215,False
114,14.36403823184044,False,True,-0.229484723495086,False
115,11.907066017941476,False,False,0.5449806634438438,False
116,14.558499471454445,False,False,0.8893201383630218,False
117,14.662900960115028,False,False,-0.033044436026879495,False
118,14.489672611430343,False,False,0.9739067908303076,False
119,14.821594038376958,False,False,-0.033044436026879495,False
120,14.47461404194341,False,False,-0.033044436026879495,False
121,3.4558481699246664,True,True,0.9999980715725809,True
122,16.978172388840093,False,False,0.9258128098084797,False
123,15.927010265667882,False,False,0.9342180297228452,False
124,16.8376409813965,False,False,0.9510453212790902,False
125,15.212074239485156,False,False,0.9342180297228452,False
126,13.81897612610873,False,False,0.9117510151464543,False
127,16.394687380328854,False,False,0.016479041870332816,False
128,15.16754460283843,False,False,0.9342180297228452,False
129,15.550807182656714,False,False,0.9804478172351789,False
130,14.443803299929746,False,False,0.9117510151464543,False
131,13.536944143299657,False,False,0.9106545154965415,False
132,0.8115468181071854,True,True,0.9996941656112259,True
133,18.3689071384307,False,False,0.8929453033979856,False
134,20.010515808773444,False,False,0.8441454715192873,False
135,17.87780510983871,False,False,0.8929453033979856,False
136,18.38285276828985,False,False,0.8929453033979856,False
137,17.53319228659074,False,False,0.7178404569096243,False
138,17.56008702535013,False,False,0.36808935115134894,False
139,14.787677923952625,False,False,0.8890449737166226,False
140,17.702773917009928,False,False,0.6562093786090056,False
141,12.800695787651126,False,False,0.9032549328832018,False
142,15.623723113808072,False,False,0.9197417492337007,False
143,2.7213571797057545,True,True,0.5217387873789058,True
144,17.117863951633637,False,False,-0.041629437413873385,False
145,19.41645853801335,False,True,0.9941199762392235,False
146,18.133179363708408,False,False,0.22071107246069943,False
147,17.955762396456254,False,False,0.9986858321694547,False
148,18.788593456616685,False,False,-0.9887105231904876,False
149,15.084445159263428,False,False,-0.9661742142279054,False
150,16.869989101042393,False,False,0.8917689351670827,False
151,16.49302856979969,False,False,0.9926295852331923,False
152,15.956770185947711,False,False,0.9919537768049079,False
153,19.206174100234385,False,False,0.9930328675101802,False
154,1.867059956126567,True,True,0.9999196316131184,True
155,18.908867289920593,False,False,0.9976842417845971,False
156,15.555271790031892,False,False,0.6370555338552348,False
157,15.900595597430144,False,False,0.7284100059257045,False
158,10.186723802403963,False,False,0.9636086958955824,False
159,12.309507292970101,False,False,0.8844568958482852,False
160,5.70979511789563,False,False,0.6357735672517421,False
161,11.46755686572003,False,False,0.6357735672517421,False
162,12.866134826710363,False,False,0.5759917241528654,False
163,7.250800894528359,False,False,-0.04085027314979033,False
164,0.9962683900358764,True,True,0.9999887026657356,True
165,15.793286250809524,False,False,0.5810447482350284,False
166,15.757689897889868,False,False,0.5481640554184395,False
167,15.60599410203533,False,False,0.9907078879331718,False
168,15.954968777111898,False,False,0.9589425697956147,False
169,14.286668049542934,False,False,-0.0032019869739703674,False
170,14.731032794268623,False,False,-0.18230243957130723,False
171,15.51021873071096,False,False,0.9997074842324801,False
172,15.164380633761345,False,False,-0.2049245628128439,False
173,13.163186462571797,False,False,-0.1817639006802602,False
174,2.226502441973373,True,True,0.9999996901386928,True
175,16.70856057042591,False,False,0.9861347386386775,False
176,14.423092907734441,False,False,0.9913874047399804,False
177,15.83215806556514,False,False,-0.4453334773718181,False
178,13.885242131042109,False,False,0.9913874047399804,False
179,16.04822415309475,False,False,0.09478625081383377,False
180,16.30579160659274,False,False,0.9920576399906801,False
181,17.35560421163518,False,False,0.9892427779706071,False
182,15.461098892127175,False,False,-0.06723497232318096,False
183,16.434125171679593,False,False,0.9729853639527488,False
184,14.991049335478795,False,False,-0.16544803654841425,False
185,2.6511041430662035,True,True,0.9996195005083878,True
186,8.179582858860988,False,False,0.2989935689286163,False
187,14.072149443316748,False,False,0.8655719509959036,False
188,13.341769938075927,False,False,0.31390140460188676,False
189,16.941755340391367,False,False,0.8921327136844384,False
190,13.88594786228754,False,False,0.6628163547092644,False
191,12.967335792482434,False,True,0.8533375770163881,False
192,12.840094617579446,False,False,0.7710607295252244,False
193,15.17974991573301,False,False,0.44500007412956416,False
194,14.511367834825,False,False,0.23621398461100834,False
195,9.025773693919858,False,False,0.9489775470575599,False
196,1.8358800220774603,True,True,0.9962433151419169,True
197,13.691511062759965,False,False,-0.24800963402532972,False
198,14.764792667375886,False,False,0.9472443966737201,False
199,14.810227262946565,False,False,0.5518765389160888,False
200,13.298193674232074,False,False,-0.24800963402532972,False
201,16.724881152027187,False,False,0.7260148066787175,False
202,14.83922492629699,False,False,0.5052933258615265,False
203,12.180405965504406,False,False,0.8143309340285808,False
204,12.77303782283782,False,False,0.31626445591637214,False
205,8.10880556970945,False,False,0.4220226329262545,False
206,1.412140253954056,True,True,0.994550822151604,True
207,11.820302969466333,False,False,0.5709284610242915,False
208,14.621384665454372,False,False,0.9994783228368015,False
209,12.789862733203117,False,False,-0.25155847321894304,False
210,12.428856329302542,False,False,0.882636830869397,False
211,15.547376405043789,False,False,-0.18134407433409042,False
212,16.201576097764757,False,False,0.9984469861455639,False
213,15.315909191573944,False,False,0.9997411770221143,False
214,9.662389587166288,False,False,0.8403287019285927,False
215,15.204694142026526,False,False,0.49106725473486335,False
216,14.208196473782483,False,False,0.8404538706652663,False
217,1.3427767776268134,True,True,0.9999996399863463,True
218,18.601971499727775,False,False,0.9431253899802869,False
219,17.898203710083813,False,False,0.9364392823508089,False
220,18.016570741002038,False,False,0.4150266898175599,False
221,17.584526277127907,False,False,0.9500310809771162,False
222,17.629735320531303,False,False,0.9672931934269627,False
223,17.239500929325594,False,False,0.11829287181891418,False
224,17.8094818622967,False,False,0.9672931934269627,False
225,17.920044301816628,False,False,0.9672931934269627,False
226,16.847163396277523,False,False,0.847487622941844,False
227,3.9910500372370272,True,True,0.9992160560641181,True
228,17.37746741501202,False,False,0.973165220160723,False
229,9.438554451437861,False,False,0.8847580699802997,False
230,17.141108702869893,False,False,-0.06594396944290236,False
231,11.087628745751037,False,False,0.40651855058606906,False
232,10.781364022134966,False,False,0.11982040351965341,False
233,10.750471226611479,False,False,-0.057272298188494,False
234,6.470047130261257,False,False,0.7723245643311435,False
235,3.2692478937996263,False,False,0.20580404053925716,False
236,3.6303972836500145,False,False,0.9647311543027889,False
237,2.2161780265214563,True,True,0.9941724967213508,True
238,15.059411399987614,False,False,-0.33698907034197806,False
239,15.883044673686438,False,False,0.892688934017433,False
240,6.192433900125858,True,True,0.99709678097246,True
241,18.448553701470885,False,False,0.7496559255584481,False
242,19.09260946049819,False,False,0.04455794555617759,False
243,18.492104022608324,False,False,0.7496559255584481,False
244,18.390902203809613,False,False,0.5408738715141174,False
245,18.45531056148542,False,False,0.7588675457260429,False
246,19.867351003464922,False,False,0.026545423718566635,False
247,18.262806640356338,False,False,0.11433617460427237,False
248,19.299788470014136,False,False,0.16351899404922832,False
249,18.538020585628644,False,False,0.8090704790410999,False
250,5.91273259499057,True,True,0.9974117071610971,True
251,2.078335970207827,True,True,0.9964831305146749,True
252,13.010467959195278,False,False,0.9913995575101472,False
253,16.68380531407734,False,False,0.9861127530436877,False
254,15.771884397790362,False,False,-0.44523745027797496,False
255,11.945616936093915,False,False,0.9913995575101472,False
256,15.398241139470604,False,False,0.094881770021889,False
257,15.91802894729624,False,False,0.9920408947575536,False
258,16.596419010586004,False,False,0.989223298068041,False
259,13.973727666925198,False,False,-0.06711274758522186,False
260,13.768441914574863,False,False,0.9730114341994792,False
261,12.901455643260533,False,False,-0.16535029215847463,False
262,3.1542484778274376,True,True,0.9996231696486264,True
263,15.555211411803977,False,False,-0.23353255115902644,False
264,16.02556850921926,False,False,0.9992004372761611,False
265,15.711213984950405,False,False,-0.2258953790164793,False
266,15.84685451316817,False,False,-0.9711788992586643,False
267,15.954332699372387,False,False,-0.21935027520805636,False
268,16.968677983530224,False,False,-0.03684438192102455,False
269,15.871203195862734,False,False,0.9974780930653723,False
270,16.528519361131288,False,False,-0.9982710649751216,False
271,15.26609489622819,False,False,-0.2309583461088207,False
272,1.9568479010298512,True,True,0.9999998050448912,True
273,5.95655875325358,False,False,0.9762669684068409,False
274,14.547654154893396,False,False,-0.1444381305874762,False
275,12.073291087996196,False,False,0.9994699679321228,False
276,14.115921361074108,False,False,-0.18955404276120913,False
277,4.558126747546672,False,False,0.9996660184969632,False
278,8.638121968298615,False,False,-0.23621943107994833,False
279,14.337552281999756,False,False,0.999539594143028,False
280,13.991499708550823,False,True,0.9992381269998355,False
281,15.173971072084461,False,False,0.9996272508983264,False
282,11.022590905006542,False,False,0.039275802866856814,False
283,1.7974275482023119,True,True,0.9999993347004634,True
284,15.344265306150291,False,False,0.6673556332865926,False
285,18.00648292063251,False,False,-0.08715294380216683,False
286,15.187493524828396,False,False,-0.09160519361183893,False
287,12.577207544120093,False,True,0.41288734977568287,False
288,14.67044593723275,False,False,-0.1439841399864797,False
289,14.712670515791523,False,False,0.7779327043127172,False
290,15.321676534748335,False,False,0.7779327043127172,False
291,18.37535965908986,False,False,-0.9875630620020082,False
292,17.225615500727525,False,False,-0.052181492125865155,False
293,15.453952604129364,False,True,-0.13355759716461757,False
294,2.336850683518074,True,True,0.9999799090777112,True
295,14.777353348518876,False,False,0.914341138253658,False
296,15.177645305647369,False,False,0.9181528955005579,False
297,15.064090750775396,False,False,0.08843423926159644,False
298,13.774480723288777,False,False,0.9849392896944026,False
299,12.850369870684784,False,False,0.2839601165391865,False
300,14.50397968233807,False,False,0.9861268445547555,False
301,15.482496748966724,False,False,0.9849392896944026,False
302,17.420252129800716,False,False,0.918622459702763,False
303,9.265059366481193,False,False,0.2133315973199368,False
304,1.4843927567830464,True,True,0.9975837877489581,True
305,14.163918175545842,False,False,0.6948233671917874,False
306,14.70753974086667,False,False,0.7666102232946405,False
307,14.589378881647942,False,False,0.7061557317265746,False
308,12.96849022218155,False,False,0.6948233671917874,False
309,12.007046511959365,False,False,0.9405064979169254,False
310,11.97976466110513,False,False,0.9405064979169254,False
311,12.754742376759557,False,False,0.9405064979169254,False
312,11.676356303957073,False,False,0.7103808115951427,False
313,9.841681313636313,False,False,0.1229350083995548,False
314,2.0868167934566504,True,True,0.999023126354916,True
315,17.82978722678724,False,False,0.31113783346032275,False
316,17.19180991202029,False,False,0.1796405736683388,False
317,16.123403363106227,False,False,0.1069196465922527,False
318,17.364480455265337,False,False,-0.9267788702663923,False
319,18.18386483288987,False,False,-0.9867186324030554,False
320,20.202433933443064,False,False,-0.9908930158126036,False
321,17.738710393969654,False,False,-0.9806722219695968,False
322,13.7245366408409,False,False,0.3118252518612196,False
323,8.19454635750385,False,False,0.9981757946655484,False
324,3.856975423925676,True,True,0.999999993525072,True
325,12.55528622465165,False,False,0.9198834246679662,False
326,12.364858573778644,False,False,0.534632928862644,False
327,13.352817226398866,False,False,-0.24127357312319964,False
328,12.418177587507616,False,False,0.8075874435906923,False
329,9.112178576533568,False,False,0.8676638675954184,False
330,1.8394364681362483,True,True,0.9999930555278113,True
331,3.5465295764113964,True,True,0.999999998869315,True
332,15.802992552130945,False,False,0.9284262066350893,False
333,14.40689505713206,False,False,-0.06277048337871058,False
334,17.040853016710187,False,False,0.25670860459313877,False
335,15.747950879309887,False,False,0.7051583277166354,False
336,15.733023491640319,False,False,0.7051583277166354,False
337,13.44919488855629,False,False,-0.12111003193798302,False
338,16.97612373975013,False,False,0.26116546488179737,False
339,16.2440885454171,False,False,0.9630326283025644,False
340,16.47229811260756,False,False,0.9902384763936576,False
341,13.739299522960156,False,False,-0.16215329506051562,False
342,2.7455287941966233,True,True,0.9991855845261016,True
343,4.066073722914982,True,True,0.9999764907399846,True
344,17.01537934729795,False,False,0.996731427508547,False
345,13.304205277192429,False,False,0.9993104663883967,False
346,10.846048638299177,False,False,0.999276752909702,False
347,13.697483561523589,False,True,0.9996577714891449,False
348,13.169623135477634,False,False,0.9957524454049906,False
349,14.90500621221454,False,False,0.9996577714891449,False
350,15.336050462046053,False,False,-0.9927237927885632,False
351,16.006458486273928,False,False,0.9973550074635696,False
352,15.831113445447471,False,False,0.9973550074635696,False
353,1.4941316666253095,True,True,0.9999374318761743,True
354,15.989359482181925,False,False,0.3271451187782603,False
355,16.35266009075984,False,False,-0.03914132339398744,False
356,15.528821290957602,False,False,-0.09976727904093713,False
357,18.138404104102516,False,False,-0.18234768652186367,False
358,15.859860387050352,False,False,0.6013651827508002,False
359,17.625882346438935,False,False,0.5525714067958519,False
360,15.603340020344824,False,False,0.27825376962632953,False
361,14.192809208265734,False,False,0.928800994189114,False
362,14.489301568368173,False,False,-0.08090166183414604,False
363,16.474524617734023,False,False,0.6826955663008736,False
364,1.6191801030707726,True,True,0.9788504382007416,True
365,6.855461389143807,False,False,0.19411327831320538,False
366,13.770784505376525,False,False,0.01741752567619747,False
367,14.888606958736325,False,False,0.9570237183081088,False
368,12.59937338058664,False,False,0.8202466081429832,False
369,17.033949858168516,False,False,0.7014019281532315,False
370,15.330835404557083,False,False,0.17955474511071104,False
371,13.024577665352343,False,False,0.8142024918852616,False
372,7.812678610613673,False,False,0.14648379478103374,False
373,8.311918849138642,False,False,0.040975358112350424,False
374,1.6890098443928303,True,True,0.993094341193532,True
375,16.915892460631174,False,False,-0.6108084615245282,False
376,16.650172856910476,False,False,-0.9843766755555367,False
377,16.77726302461918,False,False,-0.31540638965719237,False
378,17.368133133573092,False,False,-0.5847917020956104,False
379,19.027523303306772,False,False,0.18399410756721318,False
380,17.11054544106276,False,False,-0.9999200012803598,False
381,16.012738181393786,False,False,-0.9999434379085972,False
382,16.36547139516971,False,False,0.20207038614250747,False
383,15.387044859540136,False,False,-0.9646307053962376,False
384,2.0173802278084847,True,True,0.9999999921512991,True
385,14.723114953426833,False,False,-0.22582838852487921,False
386,13.970779720421998,False,False,0.9992416330546304,False
387,12.97010073856293,False,False,0.9999721908615069,False
388,14.501861446323492,False,False,-0.24676103721121917,False
389,14.003337855140643,False,False,0.9999922868601933,False
390,11.389458033104233,False,False,-0.2930428712289637,False
391,14.310292928883015,False,False,0.9999922868601933,False
392,14.216433687570047,False,False,0.9999922868601933,False
393,12.614380924646845,False,False,0.9993821265531644,False
394,13.680190038087526,False,False,0.7857823884405962,False
395,1.2365058976746515,True,True,0.9999999828538483,True
396,16.754459498263117,False,False,0.6369337783213627,False
397,16.055815352145757,False,False,0.2743190266289532,False
398,16.220483546389904,False,False,0.22438320192924552,False
399,16.240898110296296,False,False,0.22669311412566232,False
400,19.09324071514901,False,False,-0.06246385348790509,False
401,14.57356785132303,False,False,0.23517888145451588,False
402,19.379309595529907,False,False,0.6916600630236875,False
403,15.840676387617698,False,False,0.23948516402510484,False
404,17.116411417856316,False,False,0.27520172977047475,False
405,15.999373044577842,False,False,0.22388228165207946,False
406,2.3017254271083525,True,True,0.9703223625188576,True
407,16.860418861401563,False,False,0.9966211251668629,False
408,15.232514600711498,False,False,-0.1546998701741712,False
409,15.921755969768151,False,False,0.7886451514934075,False
410,12.235373021756459,False,False,0.997497533881955,False
411,10.42465302159985,False,False,0.7012816116140244,False
412,18.79178134527948,False,False,-0.09048896393840411,False
413,13.64017870457239,False,False,0.988775830131432,False
414,13.920715950161886,False,False,0.9968389846931148,False
415,11.364449587730562,False,False,0.9953939160404854,False
416,1.7105434432308955,True,True,0.9999956897037499,True
417,1.2966852290395776,True,True,0.9999905915577696,True
418,4.838928477909243,True,True,0.9999776947991854,True
419,13.451828280751924,False,False,0.9472396593617789,False
420,11.418912081982342,False,False,0.8863341484620423,False
421,8.572783072846514,False,False,0.2781629494336078,False
422,12.582818496638446,False,False,-0.0561593013126536,False
423,13.698394767840256,False,False,0.07098908429376118,False
424,6.791509804786018,False,False,0.9993734320894494,False
425,6.366132494123591,False,False,0.0710357088286381,False
426,8.30974702557025,False,True,0.9215758793172614,False
427,7.159315729347224,False,True,0.9970207220883845,False
428,1.7412630658866914,True,True,0.9995242542989187,True
429,15.05442828841112,False,False,-0.940906841073006,False
430,11.973794976238693,False,False,-0.9863007031134896,False
431,6.850401062376136,True,False,0.9995017288829223,False
432,4.270533493425726,True,False,0.9995017288829223,False
433,13.326293211256063,False,False,-0.0751874232075223,False
434,3.4885594172233314,True,False,0.9995017288829223,False
435,12.800019155626003,False,False,0.209393068258236,False
436,1.6515477615805239,True,True,0.9995017288829223,True
437,15.453644345648144,False,False,0.9999984941225895,False
438,14.89176615667597,False,False,0.9999947951469863,False
439,16.72208642072777,False,False,0.905460141922904,False
440,15.670962670029173,False,False,0.9513229698132916,False
441,15.606642689153272,False,False,0.9625391905657473,False
442,14.973113133586207,False,False,-0.9997408301569944,False
443,15.702898473368124,False,False,-0.254998056912586,False
444,14.1566201932956,False,False,0.992658497716613,False
445,14.601499917338236,False,True,-0.0747850865277279,False
446,1.825833175883567,True,True,0.9999999991467925,True
447,14.65302806650249,False,False,-0.815622479023456,False
448,17.493803957433066,False,False,-0.9581754763274805,False
449,17.01581927931762,False,False,0.4120592480553792,False
450,19.23399221462075,False,False,-0.9725167598236123,False
451,8.836306035412807,False,False,-0.9700365806109641,False
452,12.979577070446323,False,False,0.9980640004125428,False
453,13.738859401288085,False,False,0.28994595768778725,False
454,12.018039847845635,False,False,0.29571672119975567,False
455,12.527845766276737,False,False,0.9831179501994209,False
456,13.338993957981476,False,False,0.21805601379388476,False
457,3.856975423944724,True,True,0.9998931527657655,True
458,14.091621239990442,False,False,0.694406765479444,False
459,15.189010399675414,False,False,0.7668798440018098,False
460,14.613280508503458,False,False,0.7057388897138345,False
461,12.992391849037064,False,False,0.694406765479444,False
462,12.484925972579054,False,False,0.9406814916962002,False
463,12.038222856850547,False,False,0.9406814916962002,False
464,12.779460405017527,False,False,0.9406814916962002,False
465,12.433394611585618,False,False,0.7099737268007695,False
466,9.923089151057013,False,False,0.12332876275974579,False
467,2.0868167934566504,True,True,0.999049319719434,True
468,13.920271291970014,False,False,0.9202537103100242,False
469,14.554424535058162,False,False,0.07251428502854797,False
470,12.683391984999773,False,False,0.07251428502854797,False
471,14.678096017918984,False,False,0.47495343029615317,False
472,15.53634926870254,False,False,0.47495343029615317,False
473,15.223097576429899,False,False,0.9296548284494934,False
474,14.911787981272315,False,False,0.9369704697860582,False
475,14.406597104303282,False,False,0.9296548284494934,False
476,15.30940997037208,False,False,0.9202663471928407,False
477,1.3642190515141925,True,True,0.9997496102847735,True
478,16.93545631225166,False,False,0.7510778067404448,False
479,12.573552731224122,False,False,0.9643746733639036,False
480,16.307431007382668,False,False,0.6568986303612758,False
481,14.661122292253005,False,False,0.6562012955932292,False
482,14.115608037203181,False,False,-0.16046714188511557,False
483,13.378641944936573,False,False,0.7650824164614861,False
484,14.48494907284314,False,False,-0.22894913356999927,False
485,11.684508393973353,False,False,0.13545321780006658,False
486,10.020129262306032,False,False,0.30393124770747354,False
487,3.790961406848539,True,True,0.9999402361864329,True
488,14.757162398566374,False,False,0.12601508266628905,False
489,14.86559392626198,False,False,0.9738964853671316,False
490,15.271562346507936,False,False,-0.0330723402726736,False
491,15.297990008421857,False,False,-0.0330723402726736,False
492,14.840081834724229,False,False,0.9738964853671316,False
493,11.700001877428747,False,False,0.6656335666453829,False
494,14.477054312350694,False,False,0.9738964853671316,False
495,14.957336347158488,False,False,-0.0330723402726736,False
496,14.927932883067516,False,False,-0.0330723402726736,False
497,15.310280467787237,False,False,-0.0330723402726736,False
498,4.0106129120667084,True,True,0.999998191700265,True
499,19.246379241125105,False,False,0.4109649278448808,False
500,14.965720354230164,False,False,-0.10535796055515388,False
501,18.113183877226874,False,False,-0.08536857440054058,False
502,13.854465532467191,False,True,-0.10535796055515388,False
503,12.811719628040482,False,False,-0.10535796055515388,False
504,14.046800798075258,False,False,-0.10535796055515388,False
505,15.159837463323457,False,False,0.6511957901224124,False
506,15.508182791343405,False,False,0.905174763847501,False
507,15.558757042618453,False,False,0.9163826054643714,False
508,11.973260008472892,False,False,0.40166905127555985,False
509,1.1609401232915748,True,True,0.996856923116341,True
510,10.689355942019676,False,False,0.7584459472308155,False
511,6.916819402400406,False,False,-0.04919892831597944,False
512,9.313493141625056,False,False,0.8649949733605408,False
513,12.969012324337768,False,False,0.03793197621054545,False
514,11.762418346939253,False,False,0.7864239472452339,False
515,10.18605632604443,False,False,0.4036708171183762,False
516,4.693550285639526,False,False,0.849436500042205,False
517,4.688553255199956,False,False,0.21269178274202916,False
518,7.541508693574984,False,False,0.9720241960318847,False
519,11.702968334261147,False,False,-0.04925536111497218,False
520,1.4941316666253095,True,True,0.9991945982100261,True
521,20.723265837946407,False,False,0.21348197661258358,False
522,20.46090157377892,False,False,0.14859754902115366,False
523,18.36163067803544,False,False,0.21062324282491204,False
524,17.42760985607842,False,False,0.9127381254074629,False
525,15.724789451770523,False,False,0.9931251178097179,False
526,17.659342487229168,False,False,0.23949505315875938,False
527,14.655282232788956,False,False,0.18278743150965218,False
528,17.6754877575195,False,False,0.16306884671560062,False
529,8.534689072351185,False,False,0.12503942732219442,False
530,2.4320938581770335,True,True,0.9989368563517352,True
531,16.832149728274366,False,False,0.6136442418335573,False
532,17.581706238240965,False,False,0.9983125196252819,False
533,13.964637604580062,False,False,-0.22002583809798143,False
534,16.00122162703533,False,False,0.5894396162375526,False
535,13.811940635795807,False,False,0.9980761437314227,False
536,13.868765304009491,False,False,-0.09142139277242038,False
537,16.39445714261061,False,False,-0.2294758276463764,False
538,14.618017625498418,False,False,0.9999237557370805,False
539,14.321522599301233,False,False,0.9991269974882776,False
540,3.1229055144668014,True,True,0.9999948908116364,True
541,15.306761485182305,False,False,0.9999985918002482,False
542,16.82787535567667,False,False,0.9984955571879177,False
543,16.156571272510234,False,False,0.9924179999323414,False
544,17.10241702897705,False,False,0.9823196345422925,False
545,16.87948461246544,False,False,0.9966981431106081,False
546,19.549719692386468,False,False,0.9999983622467771,False
547,19.00126922233126,False,False,-0.1601445424056846,False
548,18.33708652166615,False,False,0.999996267883762,False
549,17.02325874535586,False,False,-0.1798466911905608,False
550,18.359206465624105,False,False,-0.17973107487162948,False
551,4.459958253194872,True,True,0.9999999996837181,True
552,16.76229891123081,False,False,-0.12213862357443471,False
553,16.794309314447247,False,False,-0.15300832795423758,False
554,16.334275746029732,False,False,-0.18920005900055956,False
555,17.361249526729264,False,False,0.9919588051400431,False
556,16.684824174460555,False,False,-0.15300832795423758,False
557,17.12743151653172,False,True,-0.13757070478085115,False
558,17.644462750895748,False,False,0.9943626171739769,False
559,17.455307415032962,False,False,0.9985944141812952,False
560,17.631249922388875,False,False,0.9972268978906809,False
561,17.00873283300225,False,False,0.996323014171572,False
562,1.706951013211206,True,True,0.9999881991163676,True
563,15.827924891988074,False,False,0.6137242431741781,False
564,15.63935970316601,False,False,0.6137242431741781,False
565,16.535992602712593,False,False,0.9925401236737984,False
566,13.699758563845206,False,False,0.18296241398978477,False
567,14.318683295129006,False,False,-0.06913569912491259,False
568,16.054753436572305,False,False,0.9818634378922512,False
569,10.153789991047818,False,False,0.9632226219085509,False
570,12.91943999584424,False,False,0.9641547230828739,False
571,13.596980726528301,False,False,0.19636885656444292,False
572,7.3955891593613545,False,False,0.5421326104324152,False
573,2.2774323132578793,True,True,0.9187341697663384,True
574,16.429334331321378,False,False,0.43859346266362914,False
575,14.91083118015102,False,False,0.6673380207734342,False
576,1.9924940414964976,True,True,0.9966978511945896,True
577,14.678048931025069,False,False,0.8253988240082579,False
578,13.140572940773396,False,False,0.2919933070960765,False
579,15.266884592325994,False,False,0.9833847471108007,False
580,13.809082826736557,False,False,0.7887999022120751,False
581,15.577359711125684,False,False,0.4305918459860341,False
582,13.433340188166845,False,False,0.6513660354150396,False
583,13.477748153294389,False,False,0.8253978533704197,False
584,14.779027256717338,False,False,0.6513660354150396,False
585,2.6151932175165253,True,True,0.9911491404487641,False
586,2.567933182630621,True,True,0.9944418984320013,True
587,13.996641000641075,False,False,-0.3374040971083656,False
588,15.936363687375664,False,False,0.8925808323450508,False
589,6.22891533062638,True,True,0.9970623694673147,True
590,19.31148324051533,False,False,0.9870674539570318,False
591,13.799795613082509,False,False,0.9998269412301241,False
592,12.11598699267434,False,False,-0.41028588642186814,False
593,11.646689241010018,False,False,0.9912938016133682,False
594,13.79071034472002,False,False,-0.9991834753361305,False
595,11.982100462927962,False,False,0.7539655047584004,False
596,9.646748985501302,False,False,0.27914836558703204,False
597,11.785064088819379,False,False,-0.758943973292184,False
598,9.988145153136465,False,False,-0.5832672498518423,False
599,1.3302794077407545,True,True,0.9999999515858108,True
600,14.560462882807354,False,False,-0.941054196153302,False
601,11.429004806456032,False,False,-0.986374551918286,False
602,7.733638772582098,True,False,0.999515761430147,False
603,5.26622176864109,True,False,0.999515761430147,False
604,12.66199490716824,False,False,-0.07556188294694167,False
605,5.159619406767635,True,False,0.999515761430147,False
606,10.018900864325605,False,False,0.20906464208454525,False
607,2.5231577352583847,True,True,0.999515761430147,True
608,15.338706227725833,False,False,0.9566929491760064,False
609,17.186563163540942,False,False,-0.21635127569642676,False
610,16.970476466528503,False,False,0.8422705300964028,False
611,16.2491440699064,False,False,-0.21478280253028412,False
612,16.908408329057536,False,False,0.8422705300964028,False
613,16.71568106219943,False,False,-0.21478280253028412,False
614,16.522101386596326,False,False,-0.21635127569642676,False
615,17.122891078860388,False,False,-0.21478280253028412,False
616,17.123226805283103,False,False,-0.21478280253028412,False
617,16.69716607590938,False,False,0.7978393218617091,False
618,4.500218162178582,True,True,0.9996136770265531,True
619,6.910785711110887,False,False,-0.20620733125488502,False
620,12.548875212326651,False,False,-0.2194229098332639,False
621,10.675471335129881,False,False,-0.2368532274476467,False
622,11.2983446222451,False,False,0.3050556573772849,False
623,9.67633391422896,False,False,0.9662920527242047,False
624,10.656855540132259,False,False,-0.22154949414093417,False
625,4.197071898694826,False,False,0.047832324004262836,False
626,5.757368051562884,False,False,0.09072528998222981,False
627,4.5196267365280285,False,False,0.8506061754572192,False
628,2.4645533731730263,True,True,0.99999819270101,True
629,12.745554521213663,False,False,0.326804055559087,False
630,11.932091347570541,False,False,0.09509410950778313,False
631,18.409997594228695,False,False,0.9040872284754778,False
632,14.136360669822619,False,False,0.9942913308965389,False
633,18.986003011079013,False,False,0.9840776637144742,False
634,8.131844167167838,False,False,0.8591371222565748,False
635,14.64956437923061,False,False,0.8422860186190385,False
636,15.79871441810345,False,False,0.9940036618003019,False
637,14.546947307582236,False,False,0.8161168219690286,False
638,3.693471085620811,True,True,0.9970957374835221,True
639,16.748335057318407,False,False,0.7508955967421383,False
640,13.6669505802917,False,False,0.964345310434543,False
641,16.389826928832775,False,False,0.6560247730368128,False
642,15.248645467236763,False,False,0.6552822415892571,False
643,14.115608037203181,False,False,-0.16162482889356508,False
644,12.825544363913558,False,False,0.7645662908949934,False
645,13.278027203055201,False,False,-0.23008303783365988,False
646,12.330783886445488,False,False,0.13427208532924007,False
647,10.020129262306032,False,False,0.30280804343125783,False
648,1.9444599998710086,True,True,0.9999608020430686,True
649,11.998900506206155,False,False,0.5100577935614078,False
650,13.148132139280463,False,False,0.31329725716814216,False
651,13.427813028770192,False,False,0.9245033872626265,False
652,10.08549737850339,False,True,-0.07172565276198815,False
653,17.61143126082494,False,False,0.6642687980035827,False
654,14.118242670052517,False,False,-0.07273918338511988,False
655,5.369630706810149,False,False,0.4731783577635154,False
656,10.20938940503619,False,False,0.7087009966354275,False
657,16.637524769720038,False,False,0.8151250793983187,False
658,2.2126928671118034,True,True,0.9986564766063841,True
659,13.893920355897583,False,False,0.6010671232222159,False
660,15.797080346673095,False,False,0.6010440447785955,False
661,15.573798196007377,False,False,0.6935880539482352,False
662,16.443531434801546,False,False,0.860511412997881,False
663,17.504888597912192,False,False,0.007271696407227802,False
664,16.565317116274485,False,False,0.6484528362046382,False
665,11.72225916582405,False,False,0.8319298695783652,False
666,17.761143013994975,False,False,0.9671835069551155,False
667,9.21106768990565,False,False,0.18848122421308694,False
668,15.195383804593082,False,False,0.10420358234806865,False
669,1.380338753340005,True,True,0.9976973213744094,True
670,15.638133353046765,False,False,0.7614341382715835,False
671,12.64087437137417,False,False,0.9701974505586661,False
672,11.452870749615363,False,False,-0.22358135316303265,False
673,14.2028978908867,False,False,0.9988420170140547,False
674,12.659643113983925,False,False,0.9999666463350704,False
675,13.00128778313061,False,False,0.6162431218276935,False
676,14.34007571437118,False,False,0.9996222319171351,False
677,11.212498339788281,False,False,-0.1828746807533048,False
678,15.478173825486149,False,False,-0.9837736166594789,False
679,6.136205063602833,False,False,-0.14958011714622346,False
680,1.5793206936312156,True,True,0.99999895984962,True
681,13.326541846173434,False,False,0.23340992636935615,False
682,13.569021120496231,False,False,-0.9626997281994816,False
683,13.802647257445223,False,False,-0.986831931020915,False
684,12.816402791841242,False,False,-0.8594577311489181,False
685,13.948689660609604,False,False,0.9926998051342217,False
686,8.924336794305422,False,False,-0.9838371498198369,False
687,8.542090161521267,False,False,-0.9642578847099126,False
688,2.5231577352494954,True,True,0.9994975545166072,True
689,12.745642266379292,False,False,0.6914680153187542,False
690,13.098793514800038,False,False,-0.0023484576519865238,False
691,14.522201145494954,False,False,0.30045559134079336,False
692,15.389140902966012,False,False,-0.23220005176364011,False
693,14.522201145494954,False,False,0.30045559134079336,False
694,11.463216977693154,False,False,-0.028630459955777798,False
695,15.288953516742502,False,False,-0.16487148531115997,False
696,11.463216977693154,False,False,-0.028630459955777798,False
697,15.030088410789066,False,False,0.4503920576053732,False
698,12.699681038658555,False,False,-0.19266556243046987,False
699,4.294554530517595,True,True,0.9997513895849984,True
700,12.583023292341846,False,False,0.165209789228519,False
701,14.369546917347638,False,False,0.165209789228519,False
702,14.190441805401093,False,False,0.165209789228519,False
703,13.17559132875772,False,False,0.8833133041588906,False
704,15.349572225855974,False,False,0.9186770148717512,False
705,12.97730335310179,False,False,-0.8701481334930369,False
706,10.656879998305701,False,False,0.9503973320126307,False
707,14.829915715588069,False,False,0.5826374227547414,False
708,15.875855305706047,False,False,0.9163888021750474,False
709,8.779278895111515,False,False,-0.8724188244626521,False
710,1.6187504772234447,True,True,0.9982085547211353,True
711,17.186275979970947,False,False,-0.27655147799455376,False
712,14.02551739707552,False,False,0.9997119470296402,False
713,13.530092384798536,False,False,0.9791680303847985,False
714,14.98854775559651,False,False,-0.2070947843062337,False
715,17.06027216206546,False,False,0.9999861309195244,False
716,17.363630184898184,False,False,0.8170841837127776,False
717,14.176881464850545,False,False,-0.16184443804324267,False
718,14.844275181366044,False,False,0.509833935859916,False
719,14.675111300206442,False,False,-0.2542333846368288,False
720,8.594793779522442,False,False,0.809942530193156,False
721,1.6939820393357334,True,True,0.9999999921314701,True
722,15.13998249610341,False,False,0.9530952055037378,False
723,14.477514566557398,False,False,0.9753040883469852,False
724,16.67459745741904,False,False,0.2908979152584672,False
725,13.198464561081732,False,False,0.08543237677247231,False
726,12.85582021736018,False,False,0.40025918543904987,False
727,11.52785798135513,False,False,0.9876573079222488,False
728,13.940844399954324,False,False,-0.025305962889268157,False
729,7.50025192631352,False,False,0.07725163420943058,False
730,8.648474327311956,False,False,0.959212935202333,False
731,2.552179837629258,True,True,0.9998269412470315,True
732,10.43593894409194,False,False,-0.03250832593801721,False
733,15.313376695841269,False,False,0.3393102358936775,False
734,13.726320391741535,False,False,-0.009251929975156765,False
735,14.246965237657658,False,False,0.14372440637299322,False
736,15.574341311060019,False,False,-0.03376071467520126,False
737,15.36099048848144,False,False,-0.038130470542099455,False
738,14.528229085633392,False,False,0.044928109808900725,False
739,15.222361052669452,False,False,0.9965767621115332,False
740,10.950808023169161,False,False,-0.03250832593801721,False
741,7.946410617954595,False,False,-0.1630513127039409,False
742,5.508123133771582,True,True,0.9999556554276141,True
743,13.421855013198506,False,False,0.9999452629319067,False
744,17.490849941170964,False,False,0.9999928321536512,False
745,17.93491270371263,False,False,0.9464817312343169,False
746,15.644600349727511,False,False,0.9987311698256626,False
747,16.186000335319044,False,False,0.9999832388299281,False
748,15.538039751765636,False,False,0.9987311698256626,False
749,13.20702549088109,False,False,-0.26941780834413676,False
750,16.657137972710505,False,False,-0.25299230311682475,False
751,13.127526088914355,False,False,0.8374055543294483,False
752,1.9741774574531632,True,True,0.9999999972225213,True
753,13.891923942680574,False,False,0.16614603284834897,False
754,15.413286114769983,False,False,0.16614603284834897,False
755,15.778973840357512,False,False,0.16614603284834897,False
756,13.680781053452494,False,False,0.8828182957711741,False
757,15.364106896516102,False,False,0.9186078151312327,False
758,13.849123836326239,False,False,-0.8696267858821599,False
759,12.077619763756509,False,False,0.9500961654536505,False
760,15.333536725133648,False,False,0.5834625185042472,False
761,15.452656226635595,False,False,0.9164507592378257,False
762,10.481410981106011,False,False,-0.8719009164713091,False
763,4.690304003127663,True,True,0.998271293868663,True
764,0.7899721316584749,True,True,0.995774980318008,True
765,16.44777936886541,False,False,0.5388877350408421,False
766,11.757850523429017,False,False,-0.9000825397194216,False
767,15.746528787196205,False,False,0.6934218382372029,False
768,15.090672515611079,False,False,-0.15943686426128273,False
769,14.225018468142261,False,False,0.9123633324233184,False
770,15.80952102272993,False,False,0.6934218382372029,False
771,15.826074998907778,False,False,0.7534863320086259,False
772,14.611157506046188,False,False,0.7534863320086259,False
773,15.893968433492688,False,False,0.7534863320086259,False
774,2.3589129715151014,True,True,0.9998461767095506,True
775,16.30958327940334,False,False,0.301480748560934,False
776,13.949295339892533,False,False,0.786809794178216,False
777,15.69549621694015,False,True,0.6705939115699963,False
778,17.082936245138544,False,False,0.7053749411071247,False
779,15.3634832641497,False,False,0.15106142184991941,False
780,16.124365386674825,False,False,0.7449884921377349,False
781,15.245166667124131,False,False,0.30847796442576525,False
782,11.872034801889317,False,True,0.31135172700783725,False
783,11.636056715900974,False,False,0.8851080069760658,False
784,2.1242842085112428,True,True,0.998220069857864,True
785,19.296890222193866,False,False,0.4276488138145729,False
786,18.38202416940507,False,False,0.4276488138145729,False
787,16.183519754166234,False,False,-0.1803953097578802,False
788,15.215880616722721,False,False,0.45485899745238983,False
789,18.556139563029838,False,False,0.6385751381935967,False
790,19.46317050500545,False,False,0.17964066218898275,False
791,17.61143126082494,False,False,0.4340313705993112,False
792,13.190616308976647,False,False,0.6076980606866128,False
793,9.596063468758494,False,False,0.6782255418156138,False
794,17.563859356010884,False,False,0.7458061690708144,False
795,2.183180145623925,True,True,0.9970731754581065,True
796,16.15392254832929,False,False,0.928410933158903,False
797,14.12520902886467,False,False,-0.06300415720161516,False
798,17.032803045267656,False,False,0.2564843802868457,False
799,15.79122275793908,False,False,0.705145640039607,False
800,15.673269424573945,False,False,0.705145640039607,False
801,13.44919488855629,False,False,-0.12134248638988468,False
802,16.97612373975013,False,False,0.26093088906238926,False
803,15.743118364140098,False,False,0.9629985366052451,False
804,16.44635118803614,False,False,0.9902325001291453,False
805,14.163270158181572,False,False,-0.16238258133625208,False
806,2.6499222867331826,True,True,0.9991952642619365,True
807,9.377131817409005,False,False,0.818703670627572,False
808,13.791312825689307,False,False,0.9680424456906371,False
809,14.171443524673146,False,False,0.05180000941301172,False
810,13.55220348164907,False,False,0.05180000941301172,False
811,15.600849291281554,False,False,0.8655410820727192,False
812,16.18580884833973,False,False,0.10902855439413926,False
813,9.566189407949434,False,False,0.9788188519448205,False
814,14.813214013725688,False,False,-0.004987101583697884,False
815,11.906300682427688,False,False,0.9339003582641723,False
816,5.987221695907973,False,False,0.04095111669350942,False
817,1.4577332499461253,True,True,0.9926034270183934,True
818,13.13323872171908,False,False,0.13732439301350338,False
819,9.650313298356679,False,False,-0.029238213324594146,False
820,5.870716320779067,False,False,0.9995285344165465,False
821,11.073220143629989,False,False,-0.17383453995818082,False
822,14.379727333328134,False,False,0.9892339980127005,False
823,15.787992281964028,False,False,0.9936449979291332,False
824,13.998857213930815,False,False,0.999865066211172,False
825,10.589361209940186,False,False,0.9975147417033587,False
826,13.990223120734395,False,False,0.9952995742924543,False
827,2.824122710691125,True,True,0.9999994203100555,True
828,14.123012028405153,False,False,0.8258833390001421,False
829,12.656738158126444,False,False,0.29128075507433143,False
830,15.695376106244638,False,False,0.9835061252777061,False
831,12.071576001143772,False,False,0.7893330423239605,False
832,15.577359711125684,False,False,0.4298670080603411,False
833,13.881902544349566,False,False,0.6507174617813415,False
834,12.580623440928942,False,False,0.8258718083202613,False
835,15.195350209253087,False,False,0.6507174617813415,False
836,3.4604220419527594,True,True,0.9910328846727853,False
837,2.583686527591074,True,True,0.9943481857670495,True
838,13.271970583942911,False,False,-0.16533632137424648,False
839,13.958563419604822,False,False,0.9986169610034541,False
840,13.93770021410602,False,False,0.5967951657759337,False
841,14.753013899335564,False,False,-0.14208052903384644,False
842,15.384956205933895,False,False,-0.14208052903384644,False
843,15.599846858542193,False,True,0.9978179967242882,False
844,14.419231898842796,False,False,-0.17888128785724886,False
845,12.364880570535785,False,False,0.3986517254583776,False
846,13.19019153581572,False,False,0.9980291712013145,False
847,15.140210556904,False,False,0.9397218834237167,False
848,2.3112443707656816,True,True,0.999998748847747,True
849,17.451949647250082,False,False,-0.24071259323891203,False
850,19.01895116766218,False,False,0.16180260893126225,False
851,18.40954577374341,False,False,-0.24071259323891203,False
852,17.707407887318972,False,False,0.16180260893126225,False
853,15.35947352801491,False,False,0.9002730254982526,False
854,10.652468132900992,False,False,-0.23288675747584528,False
855,6.615687047709413,False,False,0.059793186134437085,False
856,14.555839770148179,False,False,0.19717636192283952,False
857,9.990707830871045,False,False,-0.04052775184718681,False
858,14.193929037613138,False,False,-0.1860039835954151,False
859,3.2354567029573937,True,True,0.9999360013530493,True
860,15.708526680504063,False,False,0.5097016285039601,False
861,15.467957628427516,False,False,0.24945641696691687,False
862,13.94445319781643,False,False,0.8983187156564768,False
863,11.470288475720174,False,False,0.03319446294413725,False
864,12.889559964567175,False,False,0.8493672612087234,False
865,10.152167218553465,False,False,0.03319446294413725,False
866,12.732586792187806,False,False,0.8493672612087234,False
867,13.114211184066901,False,False,0.2371809280104728,False
868,14.734606949129914,False,False,0.6897841367036331,False
869,6.487674179363237,True,False,0.9705156663978591,False
870,3.192756654464101,True,True,0.9705156663978591,True
871,15.434666073168554,False,False,0.9914494957640885,False
872,15.110655271570739,False,False,0.08519625522680632,False
873,15.831164633476153,False,False,0.08519625522680632,False
874,17.01440720205543,False,False,0.2371158653575852,False
875,15.797677729935351,False,False,0.8904607825158599,False
876,14.986649476897327,False,False,0.3143811799822981,False
877,16.78892870717754,False,False,0.8961882915676833,False
878,14.431574876209774,False,False,0.9547166344025151,False
879,13.36682313399258,False,False,0.8985433153070158,False
880,2.2405653818942395,True,True,0.3296144830724169,True
881,2.5538541124790797,True,True,0.9945947669629905,True
882,15.484582846279128,False,False,0.9530993357600239,False
883,13.996546166010209,False,False,0.9753010967066479,False
884,16.70026957511756,False,False,0.2909068399043574,False
885,12.584443957939211,False,False,0.08544737442064253,False
886,11.926456101345433,False,False,0.4002725544542159,False
887,11.825929159186414,False,False,0.9876549577474367,False
888,14.492518093579967,False,False,-0.02529339769490673,False
889,7.563265306164425,False,False,0.07726545945730198,False
890,9.888143269725097,False,False,0.9592086753181419,False
891,2.552179837629258,True,True,0.999827221442983,True
892,10.163760311984538,False,False,0.9195878118859463,False
893,13.626344355483923,False,False,0.0010909932520912614,False
894,17.753412159942705,False,False,-0.21984654949656005,False
895,14.49363831939851,False,False,0.9967255453680183,False
896,12.188960748123737,False,False,0.9989673292365164,False
897,6.549993287804581,False,False,0.9997324634630244,False
898,9.180277073139134,False,False,0.9987484302480233,False
899,13.64150753044665,False,False,0.0999652851439492,False
900,7.894400981719961,False,False,0.6464755355000317,False
901,13.579371387494307,False,False,0.8726370642413293,False
902,3.0551578462275026,True,True,0.9999970132706976,True
903,17.311085464865116,False,False,0.354303433745489,False
904,18.367373150151064,False,False,0.9991608190413984,False
905,18.145395290681552,False,False,-0.24739480476010905,False
906,17.456586856974383,False,False,-0.24739480476010905,False
907,10.71000571490801,False,False,0.2880166591958643,False
908,14.718894237298947,False,False,-0.0771600040464998,False
909,13.534335257335226,False,False,0.9989025771298025,False
910,18.387882133297282,False,False,-0.4661594089279446,False
911,16.8794149938944,False,False,0.9993604492472075,False
912,14.967214977649412,False,False,0.9992937373180688,False
913,0.938032018675635,True,True,0.9999998104255422,True
914,8.820581346390423,False,False,0.06877980533598041,False
915,14.320692639088048,False,False,0.9343262187590929,False
916,18.928493765618825,False,False,0.009152977716364974,False
917,13.719383422232799,False,False,0.9914798599165876,False
918,10.52390174380671,False,False,0.0807284431009717,False
919,12.112305066731167,False,False,0.8282181739852104,False
920,17.528062677137846,False,False,0.9800802288786751,False
921,15.79473854230312,False,False,-0.02293947548467327,False
922,9.168201796892557,False,False,0.42931534080513956,False
923,17.500408965780757,False,False,-0.05770812765499775,False
924,3.0489129428646757,True,True,0.999940489780365,True
925,13.93758853359101,False,False,0.0752096017733424,False
926,15.446720060845255,False,False,0.9997218734819906,False
927,15.26170195312445,False,False,-0.1338004622490641,False
928,19.36829397911717,False,False,0.9991661212208243,False
929,18.339098830136784,False,False,0.999082573172767,False
930,14.94299580548287,False,False,0.6863722185287654,False
931,11.405778203877556,False,False,0.8888803386412393,False
932,9.159649722921603,False,False,-0.17045015519702364,False
933,6.65946561195643,False,False,0.9743674721120112,False
934,2.0680830859050308,True,True,0.999997508315858,False
935,2.080450142927477,True,True,0.9999973280482298,True
936,12.407803520941297,False,False,0.9943515964783002,False
937,14.24597653581882,False,False,0.9936997626528522,False
938,15.62121374564921,False,False,-0.08439928564611116,False
939,16.92644222864497,False,False,0.05051156657237455,False
940,6.569122476100739,False,False,0.6726282703297731,False
941,13.35203523037383,False,False,0.9956665580323013,False
942,14.399982449130249,False,False,-0.10438789339215292,False
943,13.270088100006117,False,False,-0.06256069557402243,False
944,11.481632548408871,False,False,0.7319354095678137,False
945,3.3528960089528557,False,False,0.9943405876195704,False
946,1.2019286365454964,True,True,0.9999843433464763,True
947,7.205836603581418,False,False,0.09892951151541637,False
948,13.178996391469461,False,False,0.12628616723278221,False
949,5.743528648754971,False,False,-0.009470856873621385,False
950,8.437944470116886,False,False,0.6586700141859665,False
951,8.165431611738725,False,False,0.9765075691322419,False
952,6.997799102825608,False,False,0.9656985403941677,False
953,5.509019960317955,False,False,-0.009271705542963214,False
954,9.330670630517886,False,False,0.45304018526284645,False
955,8.00285282286772,False,False,0.9748213092595966,False
956,7.1512453208695685,False,False,0.9694347601717229,False
957,1.8588401844054694,True,True,0.99966122219334,True
958,9.566544751402995,False,False,0.2822101011206422,False
959,11.679523424355947,False,False,0.9995287079065927,False
960,14.678969777762447,False,False,-0.9973425672816546,False
961,16.584906796772113,False,False,-0.9973425672816546,False
962,11.15543653321428,False,False,-0.8135000101118628,False
963,18.187271002951924,False,False,-0.9884285809937284,False
964,13.54161231159721,False,False,-0.8406491797632756,False
965,8.192548665314693,False,False,0.25358470220521506,False
966,1.6669510321540781,True,True,0.9999999970918053,True
967,15.467595213674212,False,False,0.9999789142565013,False
968,13.882680835218274,False,False,0.9995151793495926,False
969,13.285266225521033,False,False,0.9980782677826536,False
970,14.419495604217374,False,False,0.9919884825244505,False
971,14.378809380723565,False,False,0.7128928710757775,False
972,13.952358372262665,False,False,-0.20965729689560222,False
973,15.968972438787423,False,False,0.02951793309002909,False
974,16.05462618901951,False,False,-0.14317617397265203,False
975,17.205422547894052,False,False,0.9999739538192288,False
976,15.51222455233539,False,False,-0.23527122484540972,False
977,1.0235476826223286,True,True,0.9999999950056428,True
978,16.260239691319356,False,False,0.6136071447904927,False
979,16.632297615356308,False,False,0.6136071447904927,False
980,15.88904303928289,False,False,0.9925535280723408,False
981,13.699758563845206,False,False,0.18286689331032535,False
982,14.058223081280685,False,False,-0.06928161918842617,False
983,15.580223850047984,False,False,0.9819038804218203,False
984,11.096907429453758,False,False,0.9632914085970548,False
985,12.43386383356055,False,False,0.9642227441766614,False
986,13.293125224206587,False,False,0.1962523758640919,False
987,8.406855934419662,False,False,0.5421410730731505,False
988,2.311244370751047,True,True,0.9186331801549009,True
989,15.46422180480194,False,False,0.2197825393111258,False
990,16.108143142423504,False,False,0.46212385307296105,False
991,13.988981924477702,False,False,0.2197825393111258,False
992,13.294431913025576,False,False,0.2197825393111258,False
993,14.695917271543133,False,False,0.7198479231971832,False
994,15.980072938380363,False,False,0.8628181448097648,False
995,17.205470001756638,False,False,0.5506827113727761,False
996,15.592454846099542,False,False,0.7798297210942193,False
997,13.107545496164267,False,False,0.645820322792359,False
998,1.6069383128004842,True,True,0.9912606706833882,True
999,15.592269641174319,False,False,-0.08489591417889003,False
1000,13.570620933563632,False,False,0.47509148441817606,False
1001,12.766260637929669,False,False,0.7887032809706095,False
1002,11.705929114023597,False,False,0.04952203456131614,False
1003,4.5451240584296855,False,False,0.8932206983827066,False
1004,8.813150972300654,False,False,-0.16621968995268285,False
1005,14.345856069237824,False,False,0.8778654404761084,False
1006,12.546756809650752,False,False,0.2711172809703809,False
1007,15.136484927590423,False,False,0.930617927961373,False
1008,1.9974945305199479,True,True,0.999621008471468,True
1009,14.394770342524502,False,False,0.858256619943536,False
1010,13.348882058130389,False,False,0.34488961598965584,False
1011,12.103028657085293,False,False,0.34488961598965584,False
1012,13.76048364720254,False,False,0.858256619943536,False
1013,14.368667217912163,False,False,0.858256619943536,False
1014,13.046540379187434,False,False,0.34488961598965584,False
1015,12.561962061496697,False,False,0.34488961598965584,False
1016,12.069643577055926,False,False,0.34488961598965584,False
1017,11.869531899551998,False,False,0.34488961598965584,False
1018,2.3885431729222164,True,True,0.9999991353432178,True
1019,17.924117497952533,False,True,-0.08206702149031604,False
1020,15.026295350843037,False,False,0.9207905543645085,False
1021,16.04007771601894,False,False,0.6944334912078324,False
1022,9.79814962542577,False,False,0.9070053390148323,False
1023,18.6440763460647,False,False,0.7195971472134555,False
1024,18.18486527808563,False,False,0.5782152012856014,False
1025,9.321889476517752,False,False,-0.6709379659296363,False
1026,15.166600109318853,False,False,0.8919895018537531,False
1027,7.583612179284145,False,False,0.7795724389762714,False
1028,1.9019172867131124,True,True,0.9793579735476761,True
1029,16.549538281544603,False,False,0.8926461742707283,False
1030,16.826825442951304,False,False,0.8926461742707283,False
1031,12.126206298281186,False,False,-0.8829991749654466,False
1032,11.86625533671168,False,False,0.9043506633575685,False
1033,12.679418352330746,False,False,0.958573170735934,False
1034,14.68304441158645,False,False,0.903898170390998,False
1035,12.620162751878928,False,False,0.9267202783991786,False
1036,15.144399925383592,False,False,0.9103666789662678,False
1037,13.352239159537824,False,False,0.11131734579760014,False
1038,4.211349911040339,True,True,0.9992458739622875,True
1039,15.096952664899902,False,False,-0.08519106449074716,False
1040,12.794024812392117,False,False,0.47471715367569084,False
1041,12.766260637929669,False,False,0.7884358256642943,False
1042,12.392778540733264,False,False,0.04915749533987566,False
1043,5.746323336180944,False,False,0.8932261659088445,False
1044,9.420562161414104,False,False,-0.16649870175639936,False
1045,14.125696882965599,False,False,0.8775923309448955,False
1046,11.64304747959416,False,False,0.2706716500394575,False
1047,14.260521630764519,False,False,0.9303865406314767,False
1048,1.6623146889556837,True,True,0.9996276048130258,True
1049,3.6879904714878955,True,True,0.994636501400761,True
1050,16.84188194336472,False,False,0.9041948356885737,False
1051,14.343267170422545,False,False,-0.4832001826812413,False
1052,16.548939558580113,False,False,0.22307993456590763,False
1053,16.54259001231011,False,False,0.5628671840564843,False
1054,15.484917104657944,False,False,0.9459839957152832,False
1055,4.5154219867757375,False,False,0.17470157577471532,False
1056,11.961073823913043,False,False,0.8279400751204455,False
1057,12.30500401996298,False,False,0.862253178781127,False
1058,10.042511069353614,False,False,0.16120975064992252,False
1059,2.649246275543075,True,True,0.9994504547937543,False
1060,2.6030364636124115,True,True,0.9994486464883277,True
1061,13.542082720546315,False,False,0.9996266975713372,False
1062,16.648312558435585,False,False,0.9991377029559088,False
1063,15.255789217793877,False,False,0.9996618569304095,False
1064,13.161414473034633,False,False,0.9994593156134222,False
1065,14.377051211854752,False,False,-0.10615492728251788,False
1066,11.580859613944728,False,False,0.9979572152531565,False
1067,15.96065596336973,False,False,-0.1469392497651219,False
1068,16.292677780698696,False,False,-0.14064774970879082,False
1069,14.204049398115338,False,False,0.9996266975713372,False
1070,3.455848169874666,True,True,0.9999999808065045,True
1071,16.960711042868255,False,False,-0.12073935212974106,False
1072,10.039987707180345,False,False,0.92293926965018,False
1073,16.545229873125034,False,False,-0.07524230926168296,False
1074,16.749658635972033,False,False,0.9419905740565689,False
1075,17.64438144245517,False,False,0.5061008852049399,False
1076,12.506972477185538,False,False,0.010722654977239088,False
1077,16.31359875384437,False,False,0.5377151276573761,False
1078,13.431160319556032,False,False,0.1473950609655559,False
1079,14.177573816720791,False,False,0.8817556276596643,False
1080,6.556288014314958,True,True,0.9990485150002163,True
1081,13.072645169921024,False,False,0.9864108378928171,False
1082,8.712937473302505,False,False,-0.9639698510234528,False
1083,12.948564827909758,False,False,-0.9304801396043862,False
1084,15.980034870658695,False,False,-0.9855076092352245,False
1085,10.812628558945077,False,False,0.39785157745446786,False
1086,10.698810855050542,False,False,-0.9861032774763759,False
1087,7.618690827514877,False,False,0.10518529453809973,False
1088,12.016764970566097,False,False,-0.9849389005013436,False
1089,8.71222712897795,False,False,0.9362134728413577,False
1090,6.15262902835567,False,True,-0.9865352498710062,False
1091,1.4878851930243242,True,True,0.9995412415821995,True
1092,14.833899196943573,False,False,0.9201272991354976,False
1093,14.874531401313808,False,False,0.0727181207484009,False
1094,13.292173550442598,False,False,0.0727181207484009,False
1095,15.256315103121999,False,False,0.475199779057976,False
1096,15.545351180111762,False,False,0.475199779057976,False
1097,15.869927989655087,False,False,0.9295363202436868,False
1098,15.714190122357667,False,False,0.9368577384644383,False
1099,14.470735887980325,False,False,0.9295363202436868,False
1100,15.875550426434204,False,False,0.9201400452962102,False
1101,1.34809934968838,True,True,0.9997567727875567,True
1102,16.99678861294562,False,False,0.9002681837931501,False
1103,15.614582852654355,False,False,0.7835071471656625,False
1104,16.974452427716837,False,False,0.9315894799550847,False
1105,15.796605017804433,False,True,0.893421975452469,False
1106,16.83463878860556,False,False,0.3178912509355651,False
1107,15.533625034368372,False,False,0.6780707475558845,False
1108,14.048078507860204,False,False,0.9527475406150487,False
1109,12.06325579503091,False,False,0.9423204619625366,False
1110,11.396706738534293,False,False,0.845544220157019,False
1111,2.3866388586914993,True,True,0.9953204353037756,True
1112,12.745214629640051,False,False,0.6917185790022501,False
1113,12.979968284146906,False,False,-0.002039589268080575,False
1114,13.729922141192063,False,False,0.3001744198786074,False
1115,14.586155425632004,False,False,-0.23191453878458085,False
1116,14.115596680468219,False,False,0.3001744198786074,False
1117,11.87256543882543,False,False,-0.028338399555202873,False
1118,14.679508128817204,False,False,-0.1645873285108439,False
1119,11.87256543882543,False,False,-0.028338399555202873,False
1120,13.981045140209865,False,False,0.45065528262613347,False
1121,12.298924384178415,False,False,-0.1923787652146693,False
1122,4.294554530517595,True,True,0.9997434498266682,True
1123,9.793757002139422,False,False,0.7582848157676836,False
1124,5.903408806987523,False,False,-0.04893976121219738,False
1125,9.281986451651878,False,False,0.8649725584927925,False
1126,12.908738656643425,False,False,0.038190784904703304,False
1127,11.502276039855875,False,False,0.7863928495116662,False
1128,9.56585457196556,False,False,0.40389258310389786,False
1129,3.5107220386156337,False,False,0.8495255466413706,False
1130,4.612003558732473,False,False,0.21294190542073002,False
1131,6.6062491493746975,False,False,0.9720560032293728,False
1132,11.672831500404193,False,False,-0.04899626979478171,False
1133,2.400904234539226,True,True,0.9991841651162342,True
1134,14.584134482320817,False,False,0.998442824288732,False
1135,15.669766482721245,False,True,0.9997689828293145,False
1136,9.535060892927333,False,False,0.998768488406448,False
1137,14.542335480245088,False,True,0.034800431415976364,False
1138,10.571243080181222,False,False,0.998768488406448,False
1139,12.865113123813849,False,False,0.914188906882014,False
1140,13.650026412524053,False,False,0.007465664464804735,False
1141,10.196270900096094,False,False,0.8653717471493579,False
1142,14.04297777334771,False,False,0.5849548190607319,False
1143,15.612314907777671,False,False,-0.20341584294591006,False
1144,2.3962688440811215,True,True,0.999999052778181,True
